Rank,ðŸŸ©/ðŸŸ¥/ðŸŸ¨,Ticker,Category,Signal,Strike,Action,Exp,IVR,Premium,Î”,Î˜,Breakeven,ExpRet,Stop,Target,Hedge
1,ðŸŸ©,QQQ,CORE,Long,â€”,â€”,â€”,â€”,â€”,â€”,â€”,â€”,â€”,â€”,â€”,â€”
2,ðŸŸ©,SPY,CORE,Long,â€”,â€”,â€”,â€”,â€”,â€”,â€”,â€”,â€”,â€”,â€”,â€”
3,ðŸŸ©,DIA,CORE,Long,â€”,â€”,â€”,â€”,â€”,â€”,â€”,â€”,â€”,â€”,â€”,â€”
4,ðŸŸ©,IWM,CORE,Long,â€”,â€”,â€”,â€”,â€”,â€”,â€”,â€”,â€”,â€”,â€”,â€”
5,ðŸŸ¨,MRK,CORE,Neutral,â€”,â€”,â€”,â€”,â€”,â€”,â€”,â€”,â€”,â€”,â€”,â€”
6,ðŸŸ©,MS,CORE,Long,â€”,â€”,â€”,â€”,â€”,â€”,â€”,â€”,â€”,â€”,â€”,â€”
7,ðŸŸ©,COST,CORE,Long,â€”,â€”,â€”,â€”,â€”,â€”,â€”,â€”,â€”,â€”,â€”,â€”
8,ðŸŸ©,UNH,CORE,Long,â€”,â€”,â€”,â€”,â€”,â€”,â€”,â€”,â€”,â€”,â€”,â€”
9,ðŸŸ©,BAC,CORE,Long,â€”,â€”,â€”,â€”,â€”,â€”,â€”,â€”,â€”,â€”,â€”,â€”
10,ðŸŸ¨,LLY,CORE,Neutral,â€”,â€”,â€”,â€”,â€”,â€”,â€”,â€”,â€”,â€”,â€”,â€”
